/privacy /privacy-policy.html 301
/privacy.html /privacy-policy.html 301
/about /about.html 200
/leadership /leadership.html 200
/patient-guide /patient-guide.html 200
/research /research.html 200
/faq /faq.html 200
/technology /technology.html 200
/news /news.html 200
/privacy-policy /privacy-policy.html 200

